Tweet Date,Engagement Rate,Character Count,Media Content,Tweet
2024-01-01 16:08,900,106,No,New blog post is live! Check it out and let us know your thoughts. #Blog
2024-01-05 16:29,134,229,No,Throwback to an amazing event last week! #TBT
2024-01-11 07:12,512,72,Yes,Whatâ€™s your go-to morning routine? Letâ€™s discuss! #MorningVibes
2024-01-15 07:20,708,94,Yes,Amazing achievements by our team! Kudos to everyone. #Success
2024-01-25 15:36,56,64,Yes,Canâ€™t believe how fast this year is going! #TimeFlies
2024-01-15 09:57,644,174,No,Throwback to an amazing event last week! #TBT
2024-01-07 15:33,558,111,Yes,Innovation never stops! Exciting projects in the pipeline. #Future
2024-01-27 10:44,590,142,No,A beautiful sunrise to start the day! ðŸŒ… #GoodMorning
2024-01-19 15:12,698,246,Yes,Amazing achievements by our team! Kudos to everyone. #Success
2024-01-07 16:58,862,228,No,New blog post is live! Check it out and let us know your thoughts. #Blog
2024-02-15 15:02,670,110,No,Whatâ€™s your go-to morning routine? Letâ€™s discuss! #MorningVibes
2024-02-23 16:31,330,171,No,New blog post is live! Check it out and let us know your thoughts. #Blog
2024-02-13 16:17,66,49,No,Whatâ€™s your go-to morning routine? Letâ€™s discuss! #MorningVibes
2024-02-15 15:35,312,153,No,Whatâ€™s your go-to morning routine? Letâ€™s discuss! #MorningVibes
2024-02-07 08:51,238,211,Yes,Breaking: Major updates in the world of AI! Read more here. #AI
2024-02-13 09:45,198,148,Yes,Whatâ€™s your go-to morning routine? Letâ€™s discuss! #MorningVibes
2024-02-11 16:31,394,143,No,Canâ€™t believe how fast this year is going! #TimeFlies
2024-02-17 15:18,282,178,Yes,Breaking: Major updates in the world of AI! Read more here. #AI
2024-02-11 10:54,258,130,Yes,Amazing achievements by our team! Kudos to everyone. #Success
2024-02-27 10:45,590,101,No,Breaking: Major updates in the world of AI! Read more here. #AI
2024-03-13 16:53,878,24,Yes,New blog post is live! Check it out and let us know your thoughts. #Blog
2024-03-03 16:29,818,126,Yes,Whatâ€™s your go-to morning routine? Letâ€™s discuss! #MorningVibes
2024-03-05 15:27,232,87,Yes,Amazing achievements by our team! Kudos to everyone. #Success
2024-03-07 15:52,134,265,No,Excited to share our latest updates! Stay tuned for more. #TechNews
2024-03-11 16:47,888,119,No,Breaking: Major updates in the world of AI! Read more here. #AI
2024-03-15 08:17,188,133,No,Amazing achievements by our team! Kudos to everyone. #Success
2024-03-17 15:27,432,231,No,Looking forward to the weekend! Plans anyone? #WeekendVibes
2024-03-19 09:06,198,177,No,New blog post is live! Check it out and let us know your thoughts. #Blog
2024-03-29 15:59,716,167,No,New blog post is live! Check it out and let us know your thoughts. #Blog
2024-03-01 09:46,440,76,No,Canâ€™t believe how fast this year is going! #TimeFlies
2024-04-25 07:27,902,280,No,Innovation never stops! Exciting projects in the pipeline. #Future
2024-04-13 09:17,410,261,Yes,A beautiful sunrise to start the day! ðŸŒ… #GoodMorning
2024-04-19 09:49,544,67,Yes,New blog post is live! Check it out and let us know your thoughts. #Blog
2024-04-11 10:48,716,275,Yes,Amazing achievements by our team! Kudos to everyone. #Success
2024-04-29 15:58,912,249,Yes,Breaking: Major updates in the world of AI! Read more here. #AI
2024-04-13 16:30,384,180,No,Innovation never stops! Exciting projects in the pipeline. #Future
2024-04-23 08:09,494,129,Yes,Looking forward to the weekend! Plans anyone? #WeekendVibes
2024-04-03 15:04,148,230,No,Breaking: Major updates in the world of AI! Read more here. #AI
2024-04-13 08:09,620,24,No,Looking forward to the weekend! Plans anyone? #WeekendVibes
2024-04-11 16:53,842,24,No,Breaking: Major updates in the world of AI! Read more here. #AI
2024-05-03 15:19,286,36,Yes,Throwback to an amazing event last week! #TBT
2024-05-23 09:57,696,54,Yes,Whatâ€™s your go-to morning routine? Letâ€™s discuss! #MorningVibes
2024-05-09 07:02,84,90,Yes,Whatâ€™s your go-to morning routine? Letâ€™s discuss! #MorningVibes
2024-05-15 09:17,830,61,No,Excited to share our latest updates! Stay tuned for more. #TechNews
2024-05-05 15:42,522,135,No,Innovation never stops! Exciting projects in the pipeline. #Future
2024-05-03 15:30,874,247,No,A beautiful sunrise to start the day! ðŸŒ… #GoodMorning
2024-05-15 09:09,264,267,No,Whatâ€™s your go-to morning routine? Letâ€™s discuss! #MorningVibes
2024-05-23 15:26,222,173,Yes,Whatâ€™s your go-to morning routine? Letâ€™s discuss! #MorningVibes
2024-05-31 15:36,414,55,Yes,A beautiful sunrise to start the day! ðŸŒ… #GoodMorning
2024-05-27 07:37,556,102,Yes,New blog post is live! Check it out and let us know your thoughts. #Blog
2024-06-11 15:06,806,152,Yes,Innovation never stops! Exciting projects in the pipeline. #Future
2024-06-11 16:44,660,31,No,Canâ€™t believe how fast this year is going! #TimeFlies
2024-06-19 07:57,846,201,Yes,Innovation never stops! Exciting projects in the pipeline. #Future
2024-06-07 08:46,114,133,No,Breaking: Major updates in the world of AI! Read more here. #AI
2024-06-03 16:47,978,86,Yes,Excited to share our latest updates! Stay tuned for more. #TechNews
2024-06-29 09:43,252,36,No,A beautiful sunrise to start the day! ðŸŒ… #GoodMorning
2024-06-01 15:29,418,232,No,Whatâ€™s your go-to morning routine? Letâ€™s discuss! #MorningVibes
2024-06-13 16:49,198,87,Yes,Innovation never stops! Exciting projects in the pipeline. #Future
2024-06-21 15:50,922,61,Yes,New blog post is live! Check it out and let us know your thoughts. #Blog
2024-06-25 16:06,68,35,Yes,Throwback to an amazing event last week! #TBT
2024-07-31 09:51,794,92,Yes,Looking forward to the weekend! Plans anyone? #WeekendVibes
2024-07-05 16:31,788,58,Yes,Innovation never stops! Exciting projects in the pipeline. #Future
2024-07-05 16:50,162,201,No,Amazing achievements by our team! Kudos to everyone. #Success
2024-07-23 15:45,384,71,No,Innovation never stops! Exciting projects in the pipeline. #Future
2024-07-17 15:25,432,81,No,New blog post is live! Check it out and let us know your thoughts. #Blog
2024-07-31 09:07,996,109,Yes,Breaking: Major updates in the world of AI! Read more here. #AI
2024-07-11 15:40,700,26,No,Canâ€™t believe how fast this year is going! #TimeFlies
2024-07-31 16:35,612,235,Yes,Amazing achievements by our team! Kudos to everyone. #Success
2024-07-29 08:20,112,105,No,Canâ€™t believe how fast this year is going! #TimeFlies
2024-07-01 15:00,546,208,No,Excited to share our latest updates! Stay tuned for more. #TechNews
2024-08-15 09:06,176,47,No,New blog post is live! Check it out and let us know your thoughts. #Blog
2024-08-27 16:43,870,190,No,Breaking: Major updates in the world of AI! Read more here. #AI
2024-08-25 16:10,502,257,Yes,Excited to share our latest updates! Stay tuned for more. #TechNews
2024-08-29 15:50,176,68,No,A beautiful sunrise to start the day! ðŸŒ… #GoodMorning
2024-08-27 15:33,986,169,No,Excited to share our latest updates! Stay tuned for more. #TechNews
2024-08-21 10:57,562,78,Yes,Looking forward to the weekend! Plans anyone? #WeekendVibes
2024-08-25 09:06,90,170,No,Looking forward to the weekend! Plans anyone? #WeekendVibes
2024-08-05 16:55,882,253,No,Throwback to an amazing event last week! #TBT
2024-08-31 16:28,732,231,No,New blog post is live! Check it out and let us know your thoughts. #Blog
2024-08-27 15:26,216,22,No,Whatâ€™s your go-to morning routine? Letâ€™s discuss! #MorningVibes
2024-09-19 16:06,974,47,Yes,Whatâ€™s your go-to morning routine? Letâ€™s discuss! #MorningVibes
2024-09-03 07:03,530,223,No,Canâ€™t believe how fast this year is going! #TimeFlies
2024-09-09 16:51,394,56,No,Breaking: Major updates in the world of AI! Read more here. #AI
2024-09-19 15:42,618,110,No,Looking forward to the weekend! Plans anyone? #WeekendVibes
2024-09-17 08:07,448,143,No,A beautiful sunrise to start the day! ðŸŒ… #GoodMorning
2024-09-09 07:33,822,131,Yes,Innovation never stops! Exciting projects in the pipeline. #Future
2024-09-09 16:36,574,108,Yes,Innovation never stops! Exciting projects in the pipeline. #Future
2024-09-07 07:55,700,43,Yes,Canâ€™t believe how fast this year is going! #TimeFlies
2024-09-21 09:10,540,66,Yes,Throwback to an amazing event last week! #TBT
2024-09-09 15:07,10,255,No,Innovation never stops! Exciting projects in the pipeline. #Future
2024-10-11 09:19,794,75,No,Whatâ€™s your go-to morning routine? Letâ€™s discuss! #MorningVibes
2024-10-03 16:24,656,195,Yes,New blog post is live! Check it out and let us know your thoughts. #Blog
2024-10-29 10:08,182,96,No,Looking forward to the weekend! Plans anyone? #WeekendVibes
2024-10-19 16:34,422,215,No,Breaking: Major updates in the world of AI! Read more here. #AI
2024-10-01 09:42,190,203,No,Breaking: Major updates in the world of AI! Read more here. #AI
2024-10-03 16:15,516,27,No,A beautiful sunrise to start the day! ðŸŒ… #GoodMorning
2024-10-05 16:27,38,29,Yes,Looking forward to the weekend! Plans anyone? #WeekendVibes
2024-10-13 09:29,418,42,Yes,Breaking: Major updates in the world of AI! Read more here. #AI
2024-10-21 08:57,928,109,Yes,Looking forward to the weekend! Plans anyone? #WeekendVibes
2024-10-07 16:49,936,171,Yes,Throwback to an amazing event last week! #TBT
2024-11-13 09:30,300,179,Yes,Looking forward to the weekend! Plans anyone? #WeekendVibes
2024-11-05 08:31,92,188,Yes,Looking forward to the weekend! Plans anyone? #WeekendVibes
2024-11-19 16:30,894,255,Yes,Canâ€™t believe how fast this year is going! #TimeFlies
2024-11-07 15:55,528,139,No,Innovation never stops! Exciting projects in the pipeline. #Future
2024-11-23 15:06,964,57,No,Canâ€™t believe how fast this year is going! #TimeFlies
2024-11-17 15:44,344,86,No,Looking forward to the weekend! Plans anyone? #WeekendVibes
2024-11-19 16:37,940,194,Yes,Innovation never stops! Exciting projects in the pipeline. #Future
2024-11-11 16:40,48,57,No,Whatâ€™s your go-to morning routine? Letâ€™s discuss! #MorningVibes
2024-11-11 07:50,64,227,Yes,Canâ€™t believe how fast this year is going! #TimeFlies
2024-11-11 10:08,90,100,Yes,Throwback to an amazing event last week! #TBT
2024-12-07 07:39,822,279,No,A beautiful sunrise to start the day! ðŸŒ… #GoodMorning
2024-12-17 15:40,150,125,No,Canâ€™t believe how fast this year is going! #TimeFlies
2024-12-15 15:10,494,71,Yes,New blog post is live! Check it out and let us know your thoughts. #Blog
2024-12-15 16:41,250,153,No,New blog post is live! Check it out and let us know your thoughts. #Blog
2024-12-13 16:57,488,73,Yes,New blog post is live! Check it out and let us know your thoughts. #Blog
2024-12-21 07:50,44,279,Yes,Throwback to an amazing event last week! #TBT
2024-12-19 10:26,746,181,Yes,Canâ€™t believe how fast this year is going! #TimeFlies
2024-12-07 08:05,870,113,No,Innovation never stops! Exciting projects in the pipeline. #Future
2024-12-17 15:10,402,201,No,A beautiful sunrise to start the day! ðŸŒ… #GoodMorning
2024-12-03 16:51,930,122,No,Looking forward to the weekend! Plans anyone? #WeekendVibes
